[
    {
        "name": "Amazon Strike",
        "times": {
            "start": "2018-07-15T19:00:00.000Z",
            "end": "2018-07-17T07:00:00.000Z"
        },
        "sites": [
            "amazon.com",
            "amazon.com.au",
            "amazon.co.uk",
            "elemental.com",
            "a9.com",
            "abebooks.com",
            "alexa.com",
            "audible.com",
            "blinkforhome.com",
            "brillianceaudio.com",
            "comixology.com",
            "createspace.com",
            "diapers.com",
            "doublehelixgames.com",
            "evi.com",
            "lab126.com",
            "apub.com",
            "amazonrobotics.com",
            "bodylabs.com",
            "bookdepository.com",
            "dpreview.com",
            "goodreads.com",
            "graphiq.com",
            "imdb.com",
            "ring.com",
            "twitch.com",
            "wholefoodsmarket.com",
            "woot.com",
            "zappos.com",
            "fabric.com",
            "mobipocket.com",
            "shelfari.com",
            "souq.com",
            "tenmarks.com",
            "amazon.nl",
            "elemental.nl",
            "a9.nl",
            "abebooks.nl",
            "alexa.nl",
            "audible.nl",
            "blinkforhome.nl",
            "brillianceaudio.nl",
            "comixology.nl",
            "createspace.nl",
            "diapers.nl",
            "doublehelixgames.nl",
            "evi.nl",
            "lab126.nl",
            "apub.nl",
            "amazonrobotics.nl",
            "bodylabs.nl",
            "bookdepository.nl",
            "dpreview.nl",
            "goodreads.nl",
            "graphiq.nl",
            "imdb.nl",
            "ring.nl",
            "twitch.nl",
            "wholefoodsmarket.nl",
            "woot.nl",
            "zappos.nl",
            "fabric.nl",
            "mobipocket.nl",
            "shelfari.nl",
            "souq.nl",
            "tenmarks.nl"
        ]
    }
]